negative_tm_score,recovery,negative_plddt,raw_jobname,query_sequence,source_file,id
-0.95738,0.0760869565217391,-92.14880434782609,1QYS-Chain_A-TOP7-round_9660,MHLHTLLLWRGRRVVLIREECESDECNKEIILKMFMFWRRLRPRNAYLEVECESPEQARVAGVQYERLFKLLEVERIEKILEGTRIGVRGER,seed01.csv,seed01.csv_1QYS-Chain_A-TOP7-round_9660
-0.9575,0.0760869565217391,-92.20152173913044,1QYS-Chain_A-TOP7-round_9402,MHLHTLLLWRGRRVVLIREECESDECNKEIILKMFMFWRRLRPRNAYLEVECESPEQARVAGVQYERLFRLLEVERIEKILEGTRIGVRGER,seed01.csv,seed01.csv_1QYS-Chain_A-TOP7-round_9402
-0.96029,0.0869565217391304,-92.6592391304348,1QYS-Chain_A-TOP7-round_8857,MTTHTLLLWRGRRVVLIREECESEECNKRLLLKMARLWCWMRPPVAYLEVECESPEQARVAGVQYERLAKLLEVERIEKILEGTKIGVLGVR,seed01.csv,seed01.csv_1QYS-Chain_A-TOP7-round_8857
-0.961,0.0869565217391304,-92.58771739130434,1QYS-Chain_A-TOP7-round_8402,MHLHTLLLWRGRRVVLVVEECESEECNKRLLLKMARLWCWMRPPVAYLEVECESPEQARVAGVQYERLAKLLEVERIEKIERGTKIGVLGER,seed01.csv,seed01.csv_1QYS-Chain_A-TOP7-round_8402
-0.96003,0.0869565217391304,-92.47358695652176,1QYS-Chain_A-TOP7-round_8449,MHLHTLLLWRGRRVVLIREECESEECNKRLLLKMARLWCWMRPPVALLEVECESPEQARVAGVQYERLAKLLEVERIEKIERGTKIGVLGER,seed01.csv,seed01.csv_1QYS-Chain_A-TOP7-round_8449
-0.95528,0.0869565217391304,-92.03684782608696,1QYS-Chain_A-TOP7-round_8466,MHLHTLLLWRGRRVVLIREECESEECNKEIILKMARLWCWMRPRNAYIEVECESPEQARVAGVQYERLAKLLEVERIEKIERGTKIGVLGER,seed01.csv,seed01.csv_1QYS-Chain_A-TOP7-round_8466
-0.95715,0.0869565217391304,-92.6361956521739,1QYS-Chain_A-TOP7-round_8484,MHLHTLLLWRGRRVVLIREECESEECNKEIILKMARLWCWMRPRNVLVEVECESPEQARVAGVQYERLAKLLEVERIEKIERGTKIGVLGER,seed01.csv,seed01.csv_1QYS-Chain_A-TOP7-round_8484
-0.96014,0.0869565217391304,-92.1648913043478,1QYS-Chain_A-TOP7-round_8609,MHLHTLLLWRGRRVVLIREECESEECNKRLLLKMARLWCWMRPPVAYLEVECESPEQARVAGVQYERLARALEVERIEKIERGTKIGVLGER,seed01.csv,seed01.csv_1QYS-Chain_A-TOP7-round_8609
-0.9532,0.0869565217391304,-92.6086956521739,1QYS-Chain_A-TOP7-round_8633,MHLHTLLLWRGRRVVLIREECESEECNKRLLLKMARLWCWMRPPVAYLEVECESPEQARVAGVQYERLARALEVERIEKIERGTKLSVLGER,seed01.csv,seed01.csv_1QYS-Chain_A-TOP7-round_8633
-0.96116,0.0869565217391304,-92.14304347826086,1QYS-Chain_A-TOP7-round_8644,MMRHTLLLWRGRRVVLIREECESEECNKRLLLKMARLWCWMRPPVAYLEVECESPEQARVAGVQYERLAKLLEVERIEKIERGTKIGVLGER,seed01.csv,seed01.csv_1QYS-Chain_A-TOP7-round_8644
-0.95356,0.0869565217391304,-92.6670652173913,1QYS-Chain_A-TOP7-round_5128,PYRLFLYIEKGAQKLLIEEEYPNMRTILNFFDRYRELVLEVNPPFTALAVEAPSPEIFLVLEKAINKFFELVGYQEKESVMYGNKGIVSARR,seed02.csv,seed02.csv_1QYS-Chain_A-TOP7-round_5128
-0.95824,0.0869565217391304,-92.93184782608697,1QYS-Chain_A-TOP7-round_4572,PYRLFLYIEKGAQKLLIEEEYPNMRTILNFFDRYRELVLEVNPPFTALAVEAPSPEIFLVLEKAINKFFSLVGYQEKESVMYGNKGIVSARR,seed02.csv,seed02.csv_1QYS-Chain_A-TOP7-round_4572
-0.95345,0.0978260869565217,-92.7854347826087,1QYS-Chain_A-TOP7-round_4309,PYRLFLYIEKGAQKLLIEEEYPNMRTILNFFDRYRELVKEVNPPFTALAVEAPSPEIFLVLEKAINKFFSLVGYRYKESVMYGNKGIVSARR,seed02.csv,seed02.csv_1QYS-Chain_A-TOP7-round_4309
-0.95934,0.0978260869565217,-92.01619565217392,1QYS-Chain_A-TOP7-round_4302,PYRLFLYIEKGAQKLLIEEEYPNMRTILNFFDRYRELVLEVNPPFTALAVEAPSPEIFLVLEKAINKFFSLVGYRYKEVEMYGNKGIVSARR,seed02.csv,seed02.csv_1QYS-Chain_A-TOP7-round_4302
-0.95636,0.0978260869565217,-92.23826086956524,1QYS-Chain_A-TOP7-round_4325,PYRLFLYIEKGAQKLLIEEEYPNMRTILNFFDRYRELVLEVNPPFTALAVEAPSPEIFLVLEKAINKFFSLVGYRYIRSEMYGNKGIVSARR,seed02.csv,seed02.csv_1QYS-Chain_A-TOP7-round_4325
-0.96076,0.0978260869565217,-92.05836956521738,1QYS-Chain_A-TOP7-round_4552,PYRLFLYIEKGAQKLLIEEEYPSMETILNFFDRYRELVLEVNPPFTALAVEAPSPEIFLVLEKAINKFFSLVGYRYKTVEMYGNKGIVSARR,seed02.csv,seed02.csv_1QYS-Chain_A-TOP7-round_4552
-0.96124,0.0978260869565217,-92.21543478260872,1QYS-Chain_A-TOP7-round_5263,PYRLFLYIEKGAQKLLIEEEYPSMETILNFFDRYKELVLEVNPPFTALAVEAPSPEIFLVLEKAINKFFSLVGYKYKTVEMYGNKGIVSARR,seed02.csv,seed02.csv_1QYS-Chain_A-TOP7-round_5263
-0.95983,0.0978260869565217,-91.92652173913044,1QYS-Chain_A-TOP7-round_4186,PYRLFLYIEKGAQKLLIEEEYPNMRTILNFFDRYRELVLEVNPPFTALAVEAPSPEIFLVLEKAINKFFSLVGYRYKTVEMYGNKGIVSARR,seed02.csv,seed02.csv_1QYS-Chain_A-TOP7-round_4186
-0.96034,0.0978260869565217,-91.96815217391304,1QYS-Chain_A-TOP7-round_4643,PYRLFLYIEKGAQKLLIEEEYPSMETILNFFDRYRELVLEINPPFTALAVEAPSPEIFLVLEKAINKFFSLVGYRYKTVEMYGNKGIVSARR,seed02.csv,seed02.csv_1QYS-Chain_A-TOP7-round_4643
-0.95656,0.108695652173913,-93.02206521739129,1QYS-Chain_A-TOP7-round_5497,PYRLFLYIEKGAQKLLIEEEYPSMETILNFFDRYKELVKELNPPFTALAVEAPSPEIFLVLEKAINKFFSLVGYKYKTVEMYGNKGIVSARR,seed02.csv,seed02.csv_1QYS-Chain_A-TOP7-round_5497
-0.96794,0.0652173913043478,-92.3442391304348,1QYS-Chain_A-TOP7-round_7433,RLKINLVLVKADNIIVKNSETSSMKQFEEQCKAFEELVSRLNPPFVLVCVECENRELADIITEKLKELGEKLGYHKHKIKYEKQRPCIAWVK,seed03.csv,seed03.csv_1QYS-Chain_A-TOP7-round_7433
-0.9654,0.0652173913043478,-92.69434782608695,1QYS-Chain_A-TOP7-round_7569,RLKINLVLVKADNIIVKNSETSSLEQFEQQCKAFEELVSRLNPPFVLVCVECENRELADIITEKLKELGEKLGYHKHRIEYEKQRPCIAWVK,seed03.csv,seed03.csv_1QYS-Chain_A-TOP7-round_7569
-0.96942,0.0652173913043478,-92.79402173913049,1QYS-Chain_A-TOP7-round_7210,RLKINLVLVKADNIIVKNSETSSMKQFEEQCKAFEELVSRLNPPFVLVCVECENRELADIITEKLKELGEKLGYHKHRIEYEKQRPCIAWVK,seed03.csv,seed03.csv_1QYS-Chain_A-TOP7-round_7210
-0.96948,0.0652173913043478,-92.77271739130433,1QYS-Chain_A-TOP7-round_7489,RLKINLVLVKADNIIVKNSETSSMKQFEQQCKAFEELVSRLNPPFVLVCVECENRELADIITEKLKELGEKLGYHKHRIEYEKQRPCIAWVK,seed03.csv,seed03.csv_1QYS-Chain_A-TOP7-round_7489
-0.96997,0.0652173913043478,-92.89304347826088,1QYS-Chain_A-TOP7-round_7827,RLRINLVLVKADNIIVKNSETSSMKQFDEQCKAFEELVSRLNPPFVLVCVECENRELADIITEKLKELGEKLGYHKHRIEYEKQRPCIAWVK,seed03.csv,seed03.csv_1QYS-Chain_A-TOP7-round_7827
-0.96966,0.0652173913043478,-92.9032608695652,1QYS-Chain_A-TOP7-round_7745,RLKINLVLVKADNIIVKNSETSSMKQFDEQCKAFEELVSRLNPPFVLVCVECENRELADIITEKLKELGEKLGYHKHRIEYEKQRPCIAWVK,seed03.csv,seed03.csv_1QYS-Chain_A-TOP7-round_7745
-0.97001,0.0760869565217391,-94.71597826086956,1QYS-Chain_A-TOP7-round_8925,MLKITLILVKADNIIVVEVETSSMKQFEEQCKAFEKLVEELNPPFVLVCVECENRELADIISEKLRELGERLGYHKHRIKYYGTKPCIAWIK,seed03.csv,seed03.csv_1QYS-Chain_A-TOP7-round_8925
-0.96761,0.0760869565217391,-93.37934782608696,1QYS-Chain_A-TOP7-round_6503,RLKINLVLRKEDNIIVKNSETSSMKQFEEQCKAFEELVSKLDPPFVLVCVECENRELADIITEKLKELGEKLGYHKHRIEYEKQRPCIAWIK,seed03.csv,seed03.csv_1QYS-Chain_A-TOP7-round_6503
-0.9709,0.0760869565217391,-94.78945652173913,1QYS-Chain_A-TOP7-round_9466,MLKITLILVKGDNIIIKEVETSSMKQFEEQCKAFERLVEELNPPFVLVCVECENRELADIISEKLRELGERLGYHKHTIEYYGTKPCIAWIK,seed03.csv,seed03.csv_1QYS-Chain_A-TOP7-round_9466
-0.97199,0.0760869565217391,-94.33130434782608,1QYS-Chain_A-TOP7-round_9460,MLKITLILVKADNIIIKEVETSSMEQFEEQCKAFEKLVEELNPPFVLVCVECENRELADIISEKLRELGERLGYHKHTIEYYGTKPCIAWIK,seed03.csv,seed03.csv_1QYS-Chain_A-TOP7-round_9460
-0.9688,0.0978260869565217,-92.18956521739128,1QYS-Chain_A-TOP7-round_5220,MHKWVLKLEKENETIVIETYTNSREDEREVMERYKELVEELNPPTATLSYRAETPEELKEYQKLTEEFFKDLGYHCGTYEPVDIEGVYTAKS,seed04.csv,seed04.csv_1QYS-Chain_A-TOP7-round_5220
-0.96739,0.0978260869565217,-92.06054347826088,1QYS-Chain_A-TOP7-round_5164,MHKWVLKLEKENETIVIEEYTNSREDEREVMERFKKLVEELNPPTATLSYRAETPEELKEYQKLTEEFFKDLGYHCGTYEPVDIEGVYTAKS,seed04.csv,seed04.csv_1QYS-Chain_A-TOP7-round_5164
-0.96758,0.0978260869565217,-92.1967391304348,1QYS-Chain_A-TOP7-round_5149,MHHWVLKLEKENETIVIETYTNSREDEREVMERFKKLVEELNPPTATLSYRAETPEELKEYQKLTEEFFKDLGYHCGTYEPVDIEGVYTAKS,seed04.csv,seed04.csv_1QYS-Chain_A-TOP7-round_5149
-0.96918,0.0978260869565217,-92.2333695652174,1QYS-Chain_A-TOP7-round_5048,MHKWVLKLEKENETIVIETYTNSREDEREVMERFKKLVEELNPPTATLSYRAETPEELKEYQKLTEEFFKDLGYHCGTYEPVDIEGVYTAKS,seed04.csv,seed04.csv_1QYS-Chain_A-TOP7-round_5048
-0.96878,0.0978260869565217,-92.01076086956522,1QYS-Chain_A-TOP7-round_4939,MHKWVLKLEKENEVKVIETYTNSREDEREVMERFKKLVEELNPPTATLSYRAETPEELKEYQKLTEEFFKDLGYHCGTYEPVDIEGVYTAKS,seed04.csv,seed04.csv_1QYS-Chain_A-TOP7-round_4939
-0.96674,0.108695652173913,-92.10760869565216,1QYS-Chain_A-TOP7-round_5061,MHKWVLKLEKENETIVIETYTNSREDEREVMERFKKLVEELNPPTATLSYRAETPEELKEYQKLTEEFFKDLGYHCGTYEQKGIEGVYTAKS,seed04.csv,seed04.csv_1QYS-Chain_A-TOP7-round_5061
-0.954,0.108695652173913,-92.3092391304348,1QYS-Chain_A-TOP7-round_4825,MHKWVLKLEKENEVKVIETYTNSREDEREVMERFKKLVEELNPPTATLSYRAETPEELKEYQKLTEQMFKDLGYHCGTYEPVDIEGVYTGIS,seed04.csv,seed04.csv_1QYS-Chain_A-TOP7-round_4825
-0.96137,0.108695652173913,-92.05695652173912,1QYS-Chain_A-TOP7-round_5186,MHKWVLKLEKENETIVIETYTNSREDEREVMERFKKLVEELNPPTATLSYRAETPEELKEYQKLTEKLFKDLGYHCGTYEPVDIEGVYTAKS,seed04.csv,seed04.csv_1QYS-Chain_A-TOP7-round_5186
-0.96902,0.108695652173913,-91.94760869565218,1QYS-Chain_A-TOP7-round_5124,MHKWVLKLEKENETIVIETYTNSREDEREVLEKFKKLVEELNPPTATLSYRAETPEELKEYQKLTEEFFKDLGYHCGTYEPVDIEGVYTAKS,seed04.csv,seed04.csv_1QYS-Chain_A-TOP7-round_5124
-0.96915,0.108695652173913,-91.91086956521738,1QYS-Chain_A-TOP7-round_5082,MHKWVLKLEKENETIVIETYTNSREDEREVMERFKKLVEELNPPTATLSYRAETPEELKEYQKLTEEFFKELGYHCGTYEPVDIEGVYTAKS,seed04.csv,seed04.csv_1QYS-Chain_A-TOP7-round_5082
-0.95442,0.0760869565217391,-93.4325,1QYS-Chain_A-TOP7-round_7022,GHRIRIILYEKDRTVVRDFVVNSDEEEEEIDERNAELVEELDPPVVVVVHCHESPEMTEEALVRQSELLEKQDYKEMTAIQVGNCGMLIGVK,seed05.csv,seed05.csv_1QYS-Chain_A-TOP7-round_7022
-0.95639,0.0760869565217391,-93.2023913043478,1QYS-Chain_A-TOP7-round_8060,MHRIRIILYEEDEVIERDFVVNSAEEEEEIDERNAELVESLDPELVAVVHCHESPEMLKARLVRQSELLEEQDYKEMVAIQVGNCGILIGRR,seed05.csv,seed05.csv_1QYS-Chain_A-TOP7-round_8060
-0.9668,0.0760869565217391,-93.77206521739129,1QYS-Chain_A-TOP7-round_8531,MHRIRIILYEEDEVIVRDFVVNSAEEEEEIDERNAELVESLAPPLVAVVHCHESPEMLEVALVRQSELLRRQDYKEMVAIQVGNCGMLIGRR,seed05.csv,seed05.csv_1QYS-Chain_A-TOP7-round_8531
-0.96713,0.0760869565217391,-93.14608695652171,1QYS-Chain_A-TOP7-round_8856,MHRIRIILYEEDEVIVRDFVVNSAEEEEEIDERNAELVESLDPELVAVVHCHESPEMLEVALVRQSELLRRQDYKEMVAIQVGNCGMLIGRR,seed05.csv,seed05.csv_1QYS-Chain_A-TOP7-round_8856
-0.9595,0.0760869565217391,-93.15043478260868,1QYS-Chain_A-TOP7-round_7218,GHRIRIILYEKDRTVVRDFVVNSDEEEEEIDERNAELVEELDPPVVVVVHCHESPEMTEEALVRQSELLEKQDYKEMTAIQVGNCGILTGVK,seed05.csv,seed05.csv_1QYS-Chain_A-TOP7-round_7218
-0.9577,0.0760869565217391,-94.39706521739132,1QYS-Chain_A-TOP7-round_7850,MHRIRIILYEEDEVIVRDFVVNSAEEEEEIDERNAELVESLDPPLVAVVHCHESPEMLKARLVRQSELLEEQDYKEMVAIQVGNCGMLIGRR,seed05.csv,seed05.csv_1QYS-Chain_A-TOP7-round_7850
-0.95894,0.0760869565217391,-93.80923913043478,1QYS-Chain_A-TOP7-round_7152,GHRIRIILYEKDRTVVRDFVVNSDEEEEEIDERNAELVEELDPPVVVVVHCHESPEMTEDRLVRQSELLEKQDYKEMTAIQVGNCGMLIGVK,seed05.csv,seed05.csv_1QYS-Chain_A-TOP7-round_7152
-0.95356,0.0760869565217391,-93.73739130434782,1QYS-Chain_A-TOP7-round_8023,MHRIRIILYEEDEVLERDFVVNSAEEEEEIDERNAELVESLDPELVAVVHCHESPEMLKARLVRQSELLEEQDYKEMVAIQVGNCGMLIGRR,seed05.csv,seed05.csv_1QYS-Chain_A-TOP7-round_8023
-0.95845,0.0760869565217391,-93.89195652173912,1QYS-Chain_A-TOP7-round_7911,MHRIRIILYEEDEVIVRDFVVNSAEEEEEIDERNAELVESLDPELVAVVHCHESPEMLKARLVRQSELLEEQDYKEMVAIQVGNCGMLIGRR,seed05.csv,seed05.csv_1QYS-Chain_A-TOP7-round_7911
-0.96618,0.0760869565217391,-93.6332608695652,1QYS-Chain_A-TOP7-round_8428,MHRIRIILYEEDEVIVRDFVVESAEEEEEIDERNAELVESLDPPLVAVVHCHESPEMLEVALVRQSELLRRQDYKEMVAIQVGNCGMLIGRR,seed05.csv,seed05.csv_1QYS-Chain_A-TOP7-round_8428
-0.96306,0.0869565217391304,-92.38576086956522,1QYS-Chain_A-TOP7-round_7795,HMRIHLLLEREDGRLHLEWDKSSKEDEAEVREQAAEIVRREAPPYLHMGVCQSSPEEADEAGDVFREFFHALGYDRLLGIRATNCYVLSGVR,seed07.csv,seed07.csv_1QYS-Chain_A-TOP7-round_7795
-0.96374,0.0869565217391304,-92.39195652173916,1QYS-Chain_A-TOP7-round_7771,HMRIELVLEREDGRLHLEWDKSSKEDFENVREQAAEIVRREAPPYLHMGVCQSSPEEADEAGDVFREFFHALGYDRLLGIRATNCYVLSGVR,seed07.csv,seed07.csv_1QYS-Chain_A-TOP7-round_7771
-0.95534,0.0869565217391304,-92.00630434782607,1QYS-Chain_A-TOP7-round_7584,HMRIHLLLEREDGRLHLEWDKSSKEDFENVREQAAEIVRREAPPYLHMGVCQSSPEEADEAGDVFREFFHALGYDRLLGIRATNCYHLSGVR,seed07.csv,seed07.csv_1QYS-Chain_A-TOP7-round_7584
-0.96475,0.0869565217391304,-92.4951086956522,1QYS-Chain_A-TOP7-round_8246,HMRIHLLLEREDGRLHLEWDKSSKEDFENVREQAAEIVRREDPPYLHMGVCQSSPEEADEAGDVFREFFHALGYDRLLGIRATNCYVLSGLR,seed07.csv,seed07.csv_1QYS-Chain_A-TOP7-round_8246
-0.96092,0.0869565217391304,-92.0882608695652,1QYS-Chain_A-TOP7-round_5757,HMRIHLLLERGEGRLHLEWDKSSKEDFENVREQAAEIVRREAPPYLHMGVCQSSPEEADEAGDVFKEFFHALGYDRLTGIRATNCYYLSGVR,seed07.csv,seed07.csv_1QYS-Chain_A-TOP7-round_5757
-0.95754,0.0869565217391304,-92.32358695652174,1QYS-Chain_A-TOP7-round_5046,HMRIHLLLERGEGRLELEWEKSSKEDFENVREQAAEIVRREAPPYLHMGVCQSSPEEADEAGDVFKEFFHALGYRELTGIRATNCYVLSGVR,seed07.csv,seed07.csv_1QYS-Chain_A-TOP7-round_5046
-0.96585,0.0869565217391304,-91.93978260869568,1QYS-Chain_A-TOP7-round_7550,HMRIHLLLEREDGRLHLEWDKSSKEDFENVREQAAELVRREAPPYLHMGVCQSSPEEADEAGDVFREFFHALGYDRLLGIRATNCYVLSGVR,seed07.csv,seed07.csv_1QYS-Chain_A-TOP7-round_7550
-0.96149,0.0869565217391304,-92.0441304347826,1QYS-Chain_A-TOP7-round_8707,HMHIHLLLERGDGRLHLEWDKSSKEDFENVREQAAEIVRREAPPYLHMGVCQSSPEEADEAGDVFREFFHALGYDRLLGIRATNCYVLTGLR,seed07.csv,seed07.csv_1QYS-Chain_A-TOP7-round_8707
-0.9646,0.0869565217391304,-92.45793478260867,1QYS-Chain_A-TOP7-round_8249,HMRIHLLLEREDGRLHLRWDKSSKEDFENVREQAAEIVRREAPPYLHMGVCQSSPEEADEAGDVFREFFHALGYDRLLGIRATNCYVLSGLR,seed07.csv,seed07.csv_1QYS-Chain_A-TOP7-round_8249
-0.96351,0.0869565217391304,-92.4804347826087,1QYS-Chain_A-TOP7-round_7524,HMRITLVLEREDGRLHLEWDKSSKEDFENVREQAAEIVRREAPPYLHMGVCQSSPEEADEAGDVFREFFHALGYDRLLGIRATNCYVLSGVR,seed07.csv,seed07.csv_1QYS-Chain_A-TOP7-round_7524
-0.97347,0.0760869565217391,-92.4201086956522,1QYS-Chain_A-TOP7-round_7099,SRLLTATLISGDRTTVVVMKTKSDEAFDAALAALEEVVARAAPPLFSLEVEEASPEAALASAERFRAFCERLGYSELELVLQSTGSLLTCRR,seed08.csv,seed08.csv_1QYS-Chain_A-TOP7-round_7099
-0.97432,0.0760869565217391,-92.04826086956524,1QYS-Chain_A-TOP7-round_8251,TRRLRATLISGDRTTVVVMKTKSDEAFDAALAALEEVVARAAPPLFSLEVEEESPEAALASAERFRAFCERLGYTELELLLQSTGSRLTCRR,seed08.csv,seed08.csv_1QYS-Chain_A-TOP7-round_8251
-0.95687,0.0760869565217391,-92.1479347826087,1QYS-Chain_A-TOP7-round_8233,TRRLRATLISGDRTTVVVMKTKSDEAFDAALAALEEVVARAAPPLFSLEVEEASPEAARASAERFRAFCERLGYTELELLLQSTGSRLTCRR,seed08.csv,seed08.csv_1QYS-Chain_A-TOP7-round_8233
-0.97194,0.0760869565217391,-92.52989130434784,1QYS-Chain_A-TOP7-round_8174,SRVLRATLISGDRTTVVVMKTKSDEAFDAALAALEEVVARAAPPLFSLEVEEASPEAALASAERFRAFCERLGYTELELLLQSTGSRLTCRR,seed08.csv,seed08.csv_1QYS-Chain_A-TOP7-round_8174
-0.97304,0.0760869565217391,-92.16902173913049,1QYS-Chain_A-TOP7-round_8144,TRRLRATLISGDRTTVVVMKTKSDEAFDAALAALEEVVAAEDPPLFSLEVEEASPEAALASAERFRAFCERLGYTELELLLQSTGSRLTCRR,seed08.csv,seed08.csv_1QYS-Chain_A-TOP7-round_8144
-0.97098,0.0760869565217391,-92.73978260869566,1QYS-Chain_A-TOP7-round_6711,SRLLTATLISGDRTTVVVMKTKSDEAFDAALAALEEVVARAAPPLFSLEVREESPEAALASAERFRAFCERLGYSELELVLQSTGSRLTCRR,seed08.csv,seed08.csv_1QYS-Chain_A-TOP7-round_6711
-0.97246,0.0760869565217391,-92.17891304347827,1QYS-Chain_A-TOP7-round_8107,TRVLRATLISGDRTTVVVMKTKSDEAFDAALAALEEVVARAAPPLFSLEVEEASPEAALASAERFRAFCERLGYTELELLLQSTGSRLTCRR,seed08.csv,seed08.csv_1QYS-Chain_A-TOP7-round_8107
-0.97397,0.0760869565217391,-92.10532608695652,1QYS-Chain_A-TOP7-round_8100,TRRLRATLISGDRTTVVVMKTKSDEAFDAALAALEEVVARAAPELFSLEVEEASPEAALASAERFRAFCERLGYTELELLLQSTGSRLTCRR,seed08.csv,seed08.csv_1QYS-Chain_A-TOP7-round_8100
-0.958,0.0760869565217391,-92.32717391304348,1QYS-Chain_A-TOP7-round_8086,TRRLRATLISGDRTTVVVMKTKSDEAFDAALAALEEVVARAAPPLFSLEVEEASPEAALASAERFRAFCERLGYRELELLLQSTGSRLTCRR,seed08.csv,seed08.csv_1QYS-Chain_A-TOP7-round_8086
-0.97368,0.0760869565217391,-92.77402173913046,1QYS-Chain_A-TOP7-round_8059,MRLLRATLISGDRTEVLVMKTKSDEAFDAALAALEEVVARAAPPLFSLEVEEASPEAALASAERFRAFCERLGYTELELLLQSTGSRLTCRR,seed08.csv,seed08.csv_1QYS-Chain_A-TOP7-round_8059
-0.96405,0.0326086956521739,-92.4470652173913,1QYS-Chain_A-TOP7-round_8826,VVKLTLLLIKGNRTLLLKDEYSDIEKFKELMKKYGKLVQELNPPFVYLEVECPSVEWTNRVSKEAERFFKKYNYKNCVTELRYNVAGLFCTR,seed09.csv,seed09.csv_1QYS-Chain_A-TOP7-round_8826
-0.95519,0.0326086956521739,-91.96228260869566,1QYS-Chain_A-TOP7-round_5061,VVKLTLLLIKGNRTLLVEDVYSDIEKFKELMKKYGKLVEELNPPFVYLEVECPSVEWTNRVSKEAERFFKKYNYKNCKRKLRYHVTGLFCTR,seed09.csv,seed09.csv_1QYS-Chain_A-TOP7-round_5061
-0.95661,0.0326086956521739,-92.32217391304349,1QYS-Chain_A-TOP7-round_6173,VVKLTLLLIKGNRTLLLNDVYSDIEKFKELMKKYGKLVQELNPPFVYLEVECPSVEWTNRVSKEAERFFKKYNYKNCLKRLRYHVTGLFCTR,seed09.csv,seed09.csv_1QYS-Chain_A-TOP7-round_6173
-0.9533,0.0326086956521739,-92.42489130434782,1QYS-Chain_A-TOP7-round_5335,VVKLTLLLIKGNLIILVEDVYSDIEKFKELMKKYGKLVQELNPPFVYLEVECPSVEWTNRVSKEAERFFKKYNYKNCKRKLRYHVTGLFCTR,seed09.csv,seed09.csv_1QYS-Chain_A-TOP7-round_5335
-0.95768,0.0326086956521739,-91.96695652173912,1QYS-Chain_A-TOP7-round_5243,VVKLTLLLIKGNRTILINDVYSDIEKFKELMKKYGKLVQELNPPFVYLEVECPSVEWTNRVSKEAERFFKKYNYKNCKRKLRYHVTGLFCTR,seed09.csv,seed09.csv_1QYS-Chain_A-TOP7-round_5243
-0.95894,0.0326086956521739,-92.0334782608696,1QYS-Chain_A-TOP7-round_8428,VVKLTLLLIKGNRTLLLKDEYSDIEKFKQLMKKYGKLVQELNPPFVYLEVECPSVEWTNRVSKEAERFFKKYNYKNCVTKINYHVTGLFCTR,seed09.csv,seed09.csv_1QYS-Chain_A-TOP7-round_8428
-0.96011,0.0326086956521739,-92.1775,1QYS-Chain_A-TOP7-round_8981,VVKLTLLLIKGNRTLLLKDEYSDIEKFKQLMKKYGKLVQELNPPFVYLEVECPSVEWTNRVSKEAERFFKKYNYKNCVTELRYTKAGLFCTR,seed09.csv,seed09.csv_1QYS-Chain_A-TOP7-round_8981
-0.95492,0.0326086956521739,-92.08902173913044,1QYS-Chain_A-TOP7-round_6538,VVKLTLLLIKGNRTLLIQDVYSDIEKFKELMKKYGKLVQELNPPFVYLEVECPSVEWTNRVSKEAERFFKKYNYKNCKRKLRYHVTGLFCTR,seed09.csv,seed09.csv_1QYS-Chain_A-TOP7-round_6538
-0.95321,0.0326086956521739,-92.19586956521738,1QYS-Chain_A-TOP7-round_4307,VVKLTLLLIKGNRTLLIEDVYSDIEKFKELMKKYGKLVQELNPPFVYLEVECPSVEWTNRVSKEAERFFKKYNYKNCKRKLRYHVTGLFCTR,seed09.csv,seed09.csv_1QYS-Chain_A-TOP7-round_4307
-0.95345,0.0326086956521739,-92.10608695652174,1QYS-Chain_A-TOP7-round_5143,VVKLTLLLIKGNRTLLVEDVYSDIEKFKELMKKYGKLVQELNPPFVYLEVECPSVEWTNRVSKEALEFFKKYNYKNCKRKLRYHVTGLFCTR,seed09.csv,seed09.csv_1QYS-Chain_A-TOP7-round_5143
-0.96453,0.1413043478260869,-92.63717391304348,1QYS-Chain_A-TOP7-round_3965,PVLITLRTENADEVDLHRTEVSSDDDFKQTVQSFEKFVQEKNPPLIQMQVECETPEQAQVYAQQCKTIEQRLGYQEMEVQLEGFRVTVTGRR,seed10.csv,seed10.csv_1QYS-Chain_A-TOP7-round_3965
-0.96169,0.1413043478260869,-92.4886956521739,1QYS-Chain_A-TOP7-round_3374,PVVITLRTENADEVDLHRKEVESDDDFKQTVQSFEKFVQEKNPPHIQMQVECATPEQAQVYAQQCKTIEQRLGYQEMEVQLEGTRVTVTGRR,seed10.csv,seed10.csv_1QYS-Chain_A-TOP7-round_3374
-0.96129,0.1413043478260869,-92.71021739130433,1QYS-Chain_A-TOP7-round_4712,PVLITLRTENADEVDLHRKEVNSDDDFKQTVQSFEKFVQEKNPPLIQMQVECETPEQAQVYAEQCKTIEQRLGYQELEVRLEGFRVTVTGRR,seed10.csv,seed10.csv_1QYS-Chain_A-TOP7-round_4712
-0.96615,0.1413043478260869,-92.7370652173913,1QYS-Chain_A-TOP7-round_6435,PVIITLRTENADEVELHRKEVSSDDDFKQTVQSFEKFVQEKNPPLIQMQVECETPEQAQVYAEQCKTIEQRLGYKELEVRLEGFRVTVTGRR,seed10.csv,seed10.csv_1QYS-Chain_A-TOP7-round_6435
-0.96604,0.1413043478260869,-92.92923913043478,1QYS-Chain_A-TOP7-round_6068,PVIITLRTENADEVDLHRKEVSSDDDFKQTVQSFEQFVQEKNPPLIQMQVECETPEQAQVYAEQCKTIEQRLGYRELEVRLEGFRVTVTGRR,seed10.csv,seed10.csv_1QYS-Chain_A-TOP7-round_6068
-0.96179,0.1413043478260869,-93.13858695652172,1QYS-Chain_A-TOP7-round_4473,PVLITLRTENADEVDLIRKEVSSDDDFKQTVQSFEKFVQEKNPPLIQMQVECETPEQAQVYAEQCKTIEQRLGYQEMEVRLEGFRVTVTGRR,seed10.csv,seed10.csv_1QYS-Chain_A-TOP7-round_4473
-0.96536,0.1413043478260869,-93.00510869565215,1QYS-Chain_A-TOP7-round_5917,PVIITLRTENADEVDLHRKEVSSDDDFKQTVQSFEKFVQEKNPPLIQMQVECETPEQAQVYAEQCKTIEQKLGYRELEVRLEGFRVTVTGRR,seed10.csv,seed10.csv_1QYS-Chain_A-TOP7-round_5917
-0.96494,0.1413043478260869,-92.99554347826086,1QYS-Chain_A-TOP7-round_4467,PVLITLRTENENEVDLHRKEVSSDDDFKQTVQSFEKFVQEKNPPLIQMQVECETPEQAQVYAEQCKTIEQRLGYQEMEVRLEGFRVTVTGRR,seed10.csv,seed10.csv_1QYS-Chain_A-TOP7-round_4467
-0.96468,0.1413043478260869,-92.83423913043478,1QYS-Chain_A-TOP7-round_5907,PVIITLRTENADEVDLHRKEVSSDDDFKQTVQSFEKFVQEKNPPLIQMQVECETPEQAQTYAEQCKTIEQRLGYRELEVRLEGFRVTVTGRR,seed10.csv,seed10.csv_1QYS-Chain_A-TOP7-round_5907
-0.96659,0.1413043478260869,-93.05652173913045,1QYS-Chain_A-TOP7-round_5895,PVIITLRTENADEVDLHRKEVSSDDDFKQTVQSFEKFVQEKNPPLIQMQVECETPEQAMVYAEQCKTIEQRLGYRELEVRLEGFRVTVTGRR,seed10.csv,seed10.csv_1QYS-Chain_A-TOP7-round_5895
-0.95789,0.2717391304347826,-92.23891304347823,1QYS-Chain_A-TOP7-round_6464,MTKIIIKTEKKDDIRLDYYEVYSKEEFIEVLEKHKNNVKELNPEKVTISVEAESREQALEYAQELLEYLKELGYDNIKVEFDANTVRVTGKR,seed11.csv,seed11.csv_1QYS-Chain_A-TOP7-round_6464
-0.96913,0.2717391304347826,-92.5642391304348,1QYS-Chain_A-TOP7-round_8622,MTKIIIKTEKKDDIRLDYYEVYSKEEYKEVLEKHKNNIKELNPELVTISVEAESKEQALEYAKELLEFLKELGYDNIKIEFEANTVRVTGKK,seed11.csv,seed11.csv_1QYS-Chain_A-TOP7-round_8622
-0.96188,0.2826086956521739,-92.2576086956522,1QYS-Chain_A-TOP7-round_6414,MTKIIIKTEKKDDIRLDYYEVYSKEEYKEVLEKHKNNVKELNPEKVTISVEAESKEQALEYAQELLEYLKELGYDNIKVEFDANTVRVTGKR,seed11.csv,seed11.csv_1QYS-Chain_A-TOP7-round_6414
-0.95945,0.2826086956521739,-92.12282608695652,1QYS-Chain_A-TOP7-round_6561,MTKIIIKTEKKDDIRLDYYEVYSKEEFIEVLEKHKNNVKELNPENVTISVEAESKEQALEYAQELLEYLKELGYDNIKVEFDANTVRVTGKR,seed11.csv,seed11.csv_1QYS-Chain_A-TOP7-round_6561
-0.96333,0.2934782608695652,-92.54902173913044,1QYS-Chain_A-TOP7-round_6822,MTKIIIKTEKKDDIRLDYYEVYSKEEFIEVLEKHKNNIKELNPENVTISVEAESKEQALEYAQELLEFLKELGYDNIKVEFDANTVRVTGKR,seed11.csv,seed11.csv_1QYS-Chain_A-TOP7-round_6822
-0.95622,0.0652173913043478,-92.25152173913044,1QYS-Chain_A-TOP7-round_7341,GHVIVFLARKGDQLILEVDLCESDEKCDEIYERYEKLVRVLNFPEICVAVKCSSPEEAIRHGEKLKEFGLNTQYKNLRLELLGNTLMMCFTK,seed12.csv,seed12.csv_1QYS-Chain_A-TOP7-round_7341
-0.96165,0.0652173913043478,-92.47945652173914,1QYS-Chain_A-TOP7-round_5800,GHVIVFLARKGDQTILEVDLCESDEKCDEIYERYEKLVRVLNFPEICVAVKCSSPEEAIRHGEKLKEFGLNTQYKNLTGKLLGNTIMMCFTK,seed12.csv,seed12.csv_1QYS-Chain_A-TOP7-round_5800
-0.95836,0.0652173913043478,-92.12652173913044,1QYS-Chain_A-TOP7-round_6659,GHVIVFLARKENQLILEVDLCESDEKCDEIYERYEKLVRVLNFPEICVAVKCSSPEEAIRHGEKLKEFGLNTQYKNLTGKLLGNTLMMCFTK,seed12.csv,seed12.csv_1QYS-Chain_A-TOP7-round_6659
-0.95963,0.0652173913043478,-92.15358695652176,1QYS-Chain_A-TOP7-round_6618,GHVIVFLARKGDQLILEVDLCESDEKCDEIYERYEKLVRVLNFPEICVAVKCSSPEEAIRHGEKLKEFGLNTQYSRLTGKLLGNTLMMCFTK,seed12.csv,seed12.csv_1QYS-Chain_A-TOP7-round_6618
-0.95346,0.0652173913043478,-94.77282608695651,1QYS-Chain_A-TOP7-round_4887,GHVIVFLARKGDQLILEVDLCESDEKCDEIYERYEKLVRVLNFPEICVAVKCSSPEEAIRHGEKLKEFGEKTQYKNLTGKLVGNTIMMCFTK,seed12.csv,seed12.csv_1QYS-Chain_A-TOP7-round_4887
-0.96056,0.0652173913043478,-92.83630434782609,1QYS-Chain_A-TOP7-round_6577,GHVIVFLARKGDQLILEVDLCESDEKCDEIYERYEKLVRVLNFPEICVAVKCSSPEEAIRHGEKLKEFGLNTQYKNLTGKLLGNTIIMCFTK,seed12.csv,seed12.csv_1QYS-Chain_A-TOP7-round_6577
-0.96191,0.0652173913043478,-92.26597826086956,1QYS-Chain_A-TOP7-round_4929,GHVIVFLARKGDQVILEVDLCESDEKCDEIYERYKNLVRVLNFPEICVAVKCSSPEEAIRHGEKLKEFGLNTQYKNLTGKLVGNTIVMCFTK,seed12.csv,seed12.csv_1QYS-Chain_A-TOP7-round_4929
-0.96294,0.0652173913043478,-92.14402173913044,1QYS-Chain_A-TOP7-round_5820,GHVIVFLARKGDQLILEVDLCESDEKCDEIYERYEKLVRVLNFPEICVAVKCSSPEEAIRHGEKLKEFGLNTQYKNLTGKLLGTTLMMCFTK,seed12.csv,seed12.csv_1QYS-Chain_A-TOP7-round_5820
-0.96079,0.0652173913043478,-93.12565217391304,1QYS-Chain_A-TOP7-round_5871,GHVIVFLARKGDQLILEIDVCESDEKCDEIYERYEKLVRVLNFPEICVAVKCSSPEEAIRHGEKLKEFGLNTQYKNLTGKLLGNTIMMCFTK,seed12.csv,seed12.csv_1QYS-Chain_A-TOP7-round_5871
-0.96143,0.0652173913043478,-92.16739130434782,1QYS-Chain_A-TOP7-round_7201,GHVIVFLARKGDQLILEVDLCESDEKCDEIYERYEKLVRVLNFPEICVAVKCSSREEAIRHGEKLKEFGLNTQYKNLTGKLLGNTLMMCFTK,seed12.csv,seed12.csv_1QYS-Chain_A-TOP7-round_7201
-0.95701,0.0652173913043478,-93.84097826086958,1QYS-Chain_A-TOP7-round_4761,MTKIILRLSKGEEEILIEEEVSSDEMMEEKFYYFERLVREKNPPIIELRIEAESPERAVEYGEKAKTKMRKLGARNLVFRLESNNLWLKCER,seed13.csv,seed13.csv_1QYS-Chain_A-TOP7-round_4761
-0.96075,0.0652173913043478,-92.15282608695652,1QYS-Chain_A-TOP7-round_5190,MTKITLRLSKGEEEILIEEEVSSDEMMEEKFYYFEKLVREKNPPIIELRIEAESPERALEYGEKVRTKMEKLGARNLVFRLESNNLWLKCER,seed13.csv,seed13.csv_1QYS-Chain_A-TOP7-round_5190
-0.95734,0.0652173913043478,-94.0442391304348,1QYS-Chain_A-TOP7-round_4789,MTKIILRLSKGEEEILIEEEVSSDEMMEEKFYYFERLVREKNPPIIELRIEAESPERAVEYGEKAETKMRKLGARNLVFRLESNNLWLKCER,seed13.csv,seed13.csv_1QYS-Chain_A-TOP7-round_4789
-0.96326,0.0652173913043478,-92.2,1QYS-Chain_A-TOP7-round_5266,MTKITLRLSKGEEEILIEEEVSSDEMMEEKFYYFEKLVRELNPPIIELRIEAESPERALEYGKKVRTKMEKLGARNLVFRLESNNLWLKCER,seed13.csv,seed13.csv_1QYS-Chain_A-TOP7-round_5266
-0.95749,0.0652173913043478,-92.0470652173913,1QYS-Chain_A-TOP7-round_5129,MTKIVLRLSKGEEEIIIEEEVSSDEMMEEKFYYFEKLVREKNPPIIELRIEAESPERALEYGEKVRTKMEKLGARNLVFRLESNNLWLKCER,seed13.csv,seed13.csv_1QYS-Chain_A-TOP7-round_5129
-0.95539,0.0652173913043478,-93.6520652173913,1QYS-Chain_A-TOP7-round_4785,MTKIILRLSKGEEEIVIEEEVSSDEMMEEKFYYFERLVREKNPPIIELRIEAESPERAVEYGEKAKTKMRKLGARNLVFRLESNNLWLKCER,seed13.csv,seed13.csv_1QYS-Chain_A-TOP7-round_4785
-0.95871,0.0652173913043478,-93.92326086956524,1QYS-Chain_A-TOP7-round_4912,MTKITLRLSKGEEEILIEEEVSSDEMMEEKFYYFERLVREKNPPIIELRIEAESPERALEYGEKAETKMRKLGARNLVFRLESNNLWLKCER,seed13.csv,seed13.csv_1QYS-Chain_A-TOP7-round_4912
-0.96307,0.0652173913043478,-91.9951086956522,1QYS-Chain_A-TOP7-round_5224,MTKITLRLSKGEEEILIEEEVSSDEMMEEKFYYFEKLVRELNPPIIELRIEAESPERALEYGEKVRTKMEKLGARNLVFRLESNNLWLKCER,seed13.csv,seed13.csv_1QYS-Chain_A-TOP7-round_5224
-0.95788,0.0652173913043478,-93.95804347826088,1QYS-Chain_A-TOP7-round_4848,MTKIILRLSKGEEEILIEEEVSSDEMMEEKFYYFEKLVREKNPPIIELRIEAESPERAVEYGEKAETKMRKLGARNLVFRLESNNLWLKCER,seed13.csv,seed13.csv_1QYS-Chain_A-TOP7-round_4848
-0.95797,0.0652173913043478,-93.96456521739128,1QYS-Chain_A-TOP7-round_4846,MTKIILRLSKGEEEILIEEEVSSDEMMEEKFYYFERLVREKNPPIIELRIEAESPERALEYGEKAETKMRKLGARNLVFRLESNNLWLKCER,seed13.csv,seed13.csv_1QYS-Chain_A-TOP7-round_4846
-0.96257,0.0543478260869565,-92.85978260869564,1QYS-Chain_A-TOP7-round_5203,PLLVVLLLVRDNNFLLRVWAPSSADDWERLREANGRLVAELAPPVTILAVQSGSPEDTVTRLEQAREFHQRWSYSDLTFVQVGTLGVLVGKA,seed14.csv,seed14.csv_1QYS-Chain_A-TOP7-round_5203
-0.96222,0.0543478260869565,-93.07652173913044,1QYS-Chain_A-TOP7-round_5040,PLLVVLLLVRDNNFLLRVWAPSSADDWERLREANGRLVAELAPPVTILAVRSGSPEDTVTRLEQAREFHQRWSYSDLTFVQVGTLGVLVGKA,seed14.csv,seed14.csv_1QYS-Chain_A-TOP7-round_5040
-0.963,0.0543478260869565,-93.22336956521738,1QYS-Chain_A-TOP7-round_5204,PLLVVLLLVRDNNFLLRVWAPSSADDWERLREANGRLVAELAPPVTILAVRSGSPEDTVTRLEEAREFHQRWSYSDLTFVQVGTLGVLVGKA,seed14.csv,seed14.csv_1QYS-Chain_A-TOP7-round_5204
-0.96248,0.0543478260869565,-93.20771739130436,1QYS-Chain_A-TOP7-round_5446,PLLVVLLLVRDNNFLLRVWAPSSAEDWERLREANGRLVAELAPPVTILAVRSGSPEDTVTRLEEAREFHQRWSYSDLTFVQVGTLGVLVGKA,seed14.csv,seed14.csv_1QYS-Chain_A-TOP7-round_5446
-0.9636,0.0543478260869565,-93.36293478260868,1QYS-Chain_A-TOP7-round_5489,PLLVVLLLVRDNNFLLRVWAPSSADDWERLREANGRLVAELAPPVTILAVRSGSPEDTVTRLEEAREFHQRWSYSDLEFVQVGTLGVLVGKA,seed14.csv,seed14.csv_1QYS-Chain_A-TOP7-round_5489
-0.96168,0.0652173913043478,-92.95999999999998,1QYS-Chain_A-TOP7-round_5220,PLLVVLLLVRDNNFLLRVWAPSSADDWERLREANGRLVAELAPPVTILAVRSGSPEDTVTRLEQAREFFERWSYSDLTFVQVGTLGVLVGKA,seed14.csv,seed14.csv_1QYS-Chain_A-TOP7-round_5220
-0.95412,0.0652173913043478,-93.97108695652172,1QYS-Chain_A-TOP7-round_5259,PLLVVLLLVRDNNFLLRVWAPSSADDWERLREANGRLVAELAPPVTILAVQSGSPEDTVTRLEQAREFHQRWSYSDLTFVQVGTLAVVVGKA,seed14.csv,seed14.csv_1QYS-Chain_A-TOP7-round_5259
-0.96223,0.0652173913043478,-92.69282608695652,1QYS-Chain_A-TOP7-round_5403,PLLVVLLLVRDNNFLLRVWAPSSREEWERLREANGRLVAELAPPVTILAVRSGSPEDTVTRLEEAREFHQRWSYSDLTFVQVGTLGVLVGKA,seed14.csv,seed14.csv_1QYS-Chain_A-TOP7-round_5403
-0.96189,0.0652173913043478,-93.0533695652174,1QYS-Chain_A-TOP7-round_4893,PLLVVLLLVRDNNFLLRVWAPSSADEWERLREANGRLVAELAPPVTILAVRSGSPEDTVTRLEQAREFHQRWSYSDLTFVQVGTLGVLVGKA,seed14.csv,seed14.csv_1QYS-Chain_A-TOP7-round_4893
-0.96352,0.0652173913043478,-92.1553260869565,1QYS-Chain_A-TOP7-round_5507,PLLVVLLLVRDNNFLLRVWEVGSADDWERLREANGRLVAELAPPVTILAVRSGSPEDTVTRLEEAREFHQRWSYSDLEFVQVGTLGVLVGKA,seed14.csv,seed14.csv_1QYS-Chain_A-TOP7-round_5507
-0.95362,0.0652173913043478,-92.3438043478261,1QYS-Chain_A-TOP7-round_8133,GGLLNWVGEQGNQTEAFSFRFQSAAEAEEHFTFVAERLRRAAFPTATLTYVGATPEGHWAALRTFRNLFRDSGYSHQRAEIKENAATLTAGC,seed15.csv,seed15.csv_1QYS-Chain_A-TOP7-round_8133
-0.95637,0.0760869565217391,-92.05086956521735,1QYS-Chain_A-TOP7-round_8554,GTLLNWVGEQGNQTEAFSFSTASAAEAEERLAFVAERLRRAAFPTATLTYVGATPEGHWAALRTFRNLFRDSGYSHQRAEIKENAATLTAGC,seed15.csv,seed15.csv_1QYS-Chain_A-TOP7-round_8554
-0.95725,0.0978260869565217,-92.98521739130436,1QYS-Chain_A-TOP7-round_3962,HMVLEIVLRRADTELHIRVVPQNLQFYRNCLEFFEEVARELDPPELTVTVYCPDSQSTKLYMESLLAFCRRLGYQRISVRHFQNAVEVTCYR,seed15.csv,seed15.csv_1QYS-Chain_A-TOP7-round_3962
-0.95505,0.0978260869565217,-92.94652173913046,1QYS-Chain_A-TOP7-round_4032,PLVLEIVLRRADTELHIRVVPQNLQFYRNCLEFFEEVARELDPPELTVTVYCPDSQSTKLYMESLLAFCRRLGYQRISVRHFQNAVEVTCYR,seed15.csv,seed15.csv_1QYS-Chain_A-TOP7-round_4032
-0.96381,0.108695652173913,-91.94086956521735,1QYS-Chain_A-TOP7-round_4512,HMRIEIRLRRADTELHIKRVPQNLQFYRNCLEFFEEVARELDPPELTITVYCESSQSTKLYMESLLAFCRRLGYRNIEVRQFQNAVEVTCYR,seed15.csv,seed15.csv_1QYS-Chain_A-TOP7-round_4512
-0.95689,0.108695652173913,-92.14978260869566,1QYS-Chain_A-TOP7-round_3964,HMVLEIVLRRDDEELHIRVVPQNLQFYRNCLEFFEEVARELDPPELTITVYCESSQSTKLYMESLLAFCRRLGYRNISVRHFQNAVEVTCYR,seed15.csv,seed15.csv_1QYS-Chain_A-TOP7-round_3964
-0.95965,0.108695652173913,-92.50271739130434,1QYS-Chain_A-TOP7-round_4007,HMVLEVVLRRADTELHIRVVPQNLQFYRNCLEFFEEVARELDPPELTVTVYCPDSQSTKLYMESLLAFCRRLGYQRISVRHFQNAVEVTCYR,seed15.csv,seed15.csv_1QYS-Chain_A-TOP7-round_4007
-0.95927,0.108695652173913,-92.28021739130438,1QYS-Chain_A-TOP7-round_3703,HMVLEIVLRRADTELHIRVVPQNLQFYRNCLEFFEEVARELDPPELSITVYCPDSQSTKLYMESLLAFCRRLGYRNISVRHFQNAVEVTCYR,seed15.csv,seed15.csv_1QYS-Chain_A-TOP7-round_3703
-0.95791,0.108695652173913,-92.02358695652174,1QYS-Chain_A-TOP7-round_3788,HMVLEIVLRRADTELHIRVVPQNLQFYRNCLEAFEEVARELDPPELTITVYCPDSQSTKLYMESLLAFCRRLGYRNISVRHFQNAVEVTCYR,seed15.csv,seed15.csv_1QYS-Chain_A-TOP7-round_3788
-0.96312,0.108695652173913,-92.11989130434785,1QYS-Chain_A-TOP7-round_3661,HMVLEIVLRRADEELHIRVVPQNLQFYRNCLEFFEEVARELDPPELTITVYCPDSQSTKLYMESLLAFCRRLGYRNISVRHFQNAVEVTCYR,seed15.csv,seed15.csv_1QYS-Chain_A-TOP7-round_3661
-0.97197,0.0760869565217391,-91.96369565217393,1QYS-Chain_A-TOP7-round_5190,GHKLLLTLEKGDLKIVIYEEYSSLEDFNVILERCGKLVSDLQPPEITLSHWGPSPEVVDQLGVKFLQFGHSLGYSNVLLQQEGTRYTSTMTR,seed17.csv,seed17.csv_1QYS-Chain_A-TOP7-round_5190
-0.96197,0.0760869565217391,-92.32858695652172,1QYS-Chain_A-TOP7-round_4896,GHKLLLTLEKGDLKIVIYEEYSSLEDFNVILERCGKLVSDLQPPEITLSHWGPSPEVVDQLGVKFLQFGHSLGYSNVTQEQEGTRYTSTMIM,seed17.csv,seed17.csv_1QYS-Chain_A-TOP7-round_4896
-0.9665,0.0760869565217391,-93.30141304347826,1QYS-Chain_A-TOP7-round_4285,GHKLLLTLEKGDLKIVIYEEYDSLEDFNVILERCGKLVSELKPPEITLSHWGPSPEVVDQLGEIFLQFGHSLGCDNVLGKREGTRYTSTMIM,seed17.csv,seed17.csv_1QYS-Chain_A-TOP7-round_4285
-0.96578,0.0760869565217391,-93.16065217391304,1QYS-Chain_A-TOP7-round_4503,GHKLLLTLEKGDLKIVIYEEYSSLEDFNVILERCGKLVSELKPPEITLSHWGPSPEVVDQLGVKFLQFGHSLGCDNITRQQEGTRYTSTMIM,seed17.csv,seed17.csv_1QYS-Chain_A-TOP7-round_4503
-0.96978,0.0869565217391304,-92.63130434782607,1QYS-Chain_A-TOP7-round_4411,GHKLLLTLEKGDLKIVIYEEYDSLEDFNVILERCGKLVSELKPPEITLSHWGPSPEVVDQLGEIFLQFGHSLGCDNITRQQEGTRYTSTMIM,seed17.csv,seed17.csv_1QYS-Chain_A-TOP7-round_4411
-0.95884,0.0869565217391304,-92.92967391304347,1QYS-Chain_A-TOP7-round_3342,PGKLLLTLEKGDLKIVIYEIYKSLEDFNVILERCGKLVSELKPPEITLSHWGPSLLFVDQLGSIFLEFLHSLGCDNVTEQQEGTRYTSTGKM,seed17.csv,seed17.csv_1QYS-Chain_A-TOP7-round_3342
-0.961,0.0869565217391304,-92.8333695652174,1QYS-Chain_A-TOP7-round_3762,PGKLLLTLEKGDLKIVIYEEYDSLEDFNVILERCGKLVSELKPPEITLSHWGPSLLFVDQLGSIFLEFLHSLGCDNVTEQQEGTRYTSTGKM,seed17.csv,seed17.csv_1QYS-Chain_A-TOP7-round_3762
-0.95666,0.0869565217391304,-93.33391304347828,1QYS-Chain_A-TOP7-round_4318,GHKLLLTLEKGDLKIVIYEEYDSLEDFNVILERCGKLVSELKPPEITLSHWGPSPEVVDQLGDIFLQFGHSLGCDNVLLQQEGTRLTVTMIM,seed17.csv,seed17.csv_1QYS-Chain_A-TOP7-round_4318
-0.97078,0.0869565217391304,-92.8908695652174,1QYS-Chain_A-TOP7-round_5305,GHKLLLTLEKGDLKIVIYEEYSSLEDFNVILERCGKLVSDLQPPEITLSHWGPSPEVVDQLGVKFLQFGHSLGYSNVLLQQEGTRITVTMIM,seed17.csv,seed17.csv_1QYS-Chain_A-TOP7-round_5305
-0.95967,0.0978260869565217,-92.48641304347828,1QYS-Chain_A-TOP7-round_3782,PGKLLLTLEKGDLKIVIYEEYDSLEDFNVILERCGKLVSELKPPEITLSHWGPSLLFVDQLGSIFLEFLHSLGCDNVTEQQEGTRYTVTGIM,seed17.csv,seed17.csv_1QYS-Chain_A-TOP7-round_3782
-0.95845,0.1847826086956521,-93.24500000000003,1QYS-Chain_A-TOP7-round_4367,GMHIKVVFVKGEVRGWLEKKIESKEEFKDFLKDTEKLIELMNPPFVCIAVKAETPEEAKEYSKVLRNLLKNAGYSSIVQKLEGTEDWVCGWV,seed18.csv,seed18.csv_1QYS-Chain_A-TOP7-round_4367
-0.96007,0.1847826086956521,-93.38521739130437,1QYS-Chain_A-TOP7-round_3122,GMKIKVVFVKGEVRGWLEKKIESKEEFKDFLKDTEKLIYLMNPPFVCIAVKAETPEEAKEYSKVLRNLLLNAGYSSIVQKLEGTEDWVCGWV,seed18.csv,seed18.csv_1QYS-Chain_A-TOP7-round_3122
-0.96224,0.1847826086956521,-93.59880434782607,1QYS-Chain_A-TOP7-round_3192,GMKIKVVFVKGEVRGVIEKKIESKEEFKDFLKDTEKLIYLMNPPFVCIAVKAETPEEAKEYSKVLRNLLLNAGYSSIVQKLEGTEDWVCGWV,seed18.csv,seed18.csv_1QYS-Chain_A-TOP7-round_3192
-0.95853,0.1847826086956521,-93.43695652173912,1QYS-Chain_A-TOP7-round_4140,GMHIKVVFVKGEVRGWLEKKIESKEEFKEFLKDTEKLIYLMNPPFVCIAVKAETPEEAKEYSKVLRNLLLNAGYSSIVQKLEGTEDWVCGWV,seed18.csv,seed18.csv_1QYS-Chain_A-TOP7-round_4140
-0.95729,0.1847826086956521,-94.98489130434784,1QYS-Chain_A-TOP7-round_4374,GMHIKVVFVKGEVRLVIEKKIESKEEFKDFLKDTEKLIYLMNPPFVCIAVKAETPEEAKEYSKVLRNLLLNAGYSSIVQKLEGTEDWVCGWV,seed18.csv,seed18.csv_1QYS-Chain_A-TOP7-round_4374
-0.9605,0.1847826086956521,-91.93608695652172,1QYS-Chain_A-TOP7-round_4373,GMHIKVVFVKGDVRGWLEKKIESKEEFKDFLKDTEKLIYLMNPPFVCIAVKAETPEEAKEYSKVLRNLLLNAGYSSIVQKLEGTEDWVCGWV,seed18.csv,seed18.csv_1QYS-Chain_A-TOP7-round_4373
-0.95854,0.1847826086956521,-93.38249999999998,1QYS-Chain_A-TOP7-round_3212,GMHIKVVFVKGEVRGWLEKKIESKEEFKDFLKDTEKLIYLMNPPFVCIAVKAETPEEAKEYSKVLRNLLLNAGYSSIVQKLEGTEDWVCGWV,seed18.csv,seed18.csv_1QYS-Chain_A-TOP7-round_3212
-0.96133,0.1956521739130435,-93.34989130434784,1QYS-Chain_A-TOP7-round_3162,GMHVKVVFVKGEVRGWLEKKIESKEEFKDFLKDTEKLIYLMNPPFVCIAVKAETPEEAKEYSKVLRNLLLNAGYSSIIEKLEGTEDWVCGWV,seed18.csv,seed18.csv_1QYS-Chain_A-TOP7-round_3162
-0.95319,0.1956521739130435,-93.92282608695652,1QYS-Chain_A-TOP7-round_3627,GMHVKVVFVKGEVRGWLEKKIESKEEFKDFLKDTEKLIYLMNPPFVCIAVKAETPEEAKEYSKVLRNLLLNAGYSHISQKLEGTEDWVCGWV,seed18.csv,seed18.csv_1QYS-Chain_A-TOP7-round_3627
-0.96203,0.1956521739130435,-93.73228260869564,1QYS-Chain_A-TOP7-round_3639,GMHVKVVFVKGEVRGWLEKKIESKEEFKDFLKDTEKLIYLMNPPFVCIAVKAETPEEAKEYSKVLRNLLLNAGYSSIREKLEGTEDWVCGWV,seed18.csv,seed18.csv_1QYS-Chain_A-TOP7-round_3639
-0.96871,0.0978260869565217,-92.64750000000002,1QYS-Chain_A-TOP7-round_5382,MLRLRLTLERGDRTLVVEEVLDDAAALDRAMAAWEELVRREAPPVLSLAFSCASPEAASEAIRRARALLERLGYSRLEERLYGTTAVVTGER,seed19.csv,seed19.csv_1QYS-Chain_A-TOP7-round_5382
-0.96636,0.0978260869565217,-91.9288043478261,1QYS-Chain_A-TOP7-round_4875,GLRLRLTLERGDRTLVLEEELDDAAALDRAMAAWEELVRREAPPVLSLAFSCASPEAASEAIRRARALLERLGYSRLREELYGTTAVVTGER,seed19.csv,seed19.csv_1QYS-Chain_A-TOP7-round_4875
-0.96738,0.0978260869565217,-92.22891304347826,1QYS-Chain_A-TOP7-round_4862,MLRLRLTLERGDRTLVLEEELDDAAALDRAMAAWEELVRREAPPVLSLAFSCASPEAAQEAIRRARALLERLGYSRLREELYGTTAVVTGER,seed19.csv,seed19.csv_1QYS-Chain_A-TOP7-round_4862
-0.95504,0.0978260869565217,-93.36228260869566,1QYS-Chain_A-TOP7-round_4852,MLRLRLTLERGDRTLVLEEELDDAAALDRAMAAWEELVRREAPPVLSLAFSCASPEAASEAVERARALLERLGYSRLREELYGTTAVVTGER,seed19.csv,seed19.csv_1QYS-Chain_A-TOP7-round_4852
-0.96435,0.0978260869565217,-92.0554347826087,1QYS-Chain_A-TOP7-round_4841,MLRLRLVLERGDRTLVLEEELDDAAALDRAMAAWEELVRREAPPVLSLAFSCASPEAASEAIRRARALLERLGYSRLREELYGTTAVVTGER,seed19.csv,seed19.csv_1QYS-Chain_A-TOP7-round_4841
-0.96636,0.0978260869565217,-92.48217391304348,1QYS-Chain_A-TOP7-round_4810,MLRLRLTLERGDRTLVLEEELDDAEALDRAMAAWEELVRREAPPVLSLAFSCASPEAASEAIRRARALLERLGYSRLREELYGTTAVVTGER,seed19.csv,seed19.csv_1QYS-Chain_A-TOP7-round_4810
-0.96327,0.0978260869565217,-92.495,1QYS-Chain_A-TOP7-round_5571,MLRLRLTLERGDRTLVVEEVLDDAAALDRAMAAWEELVRAEAPPVLSLAFSCASPEAASEAVERARALLERLGYSRLREELYGTTAVVTGER,seed19.csv,seed19.csv_1QYS-Chain_A-TOP7-round_5571
-0.96922,0.0978260869565217,-92.2182608695652,1QYS-Chain_A-TOP7-round_5553,MLRLRLTLERGDRTLVVEEVLDDAAALDRAMAAWEELVRAEAPPVLTLAFSCASPEAASEAIRRARALLERLGYSRLREELYGTTAVVTGER,seed19.csv,seed19.csv_1QYS-Chain_A-TOP7-round_5553
-0.96913,0.0978260869565217,-92.57347826086956,1QYS-Chain_A-TOP7-round_5323,MLRLRLTLERGDRTLVVEEVLDDAAALDRAMAAWEELVRREAPPVLSLAFSCASPEAASEAIRRARELLERLGYSRLREELYGTTAVVTGER,seed19.csv,seed19.csv_1QYS-Chain_A-TOP7-round_5323
-0.96243,0.0978260869565217,-93.97315217391304,1QYS-Chain_A-TOP7-round_4769,MLRLRLTLERGDRTLVLEEELDDAAALDRAMAAWEELVRREAPPVLSLAFSCASPEAASELVRRARALLERLGYSRLREELYGTTAVVTGER,seed19.csv,seed19.csv_1QYS-Chain_A-TOP7-round_4769
-0.95433,0.0652173913043478,-92.24228260869565,1QYS-Chain_A-TOP7-round_9976,GVKIRLVLENCDERLEEYWEIDDDEAFAEKQAAWAELVRERRPPHIGVEVCIASPEQAQEYRERLLAFLEAPGYSRHDAVLRGTCIVAWGTR,seed20.csv,seed20.csv_1QYS-Chain_A-TOP7-round_9976
-0.96615,0.0869565217391304,-92.44097826086956,1QYS-Chain_A-TOP7-round_6516,GVKIRLWMESGDERLEERWEIDGDAAFEAKQAAMLALIAARRPPHIGIEVCIASPEATQRYGNRLTALLRAAGYQRIRLVQRGTCIVAWGER,seed20.csv,seed20.csv_1QYS-Chain_A-TOP7-round_6516
-0.96444,0.1195652173913043,-92.03782608695654,1QYS-Chain_A-TOP7-round_5345,GVKIRLWMEKGDERVEEYWEVDGDAAWDEKQAAMAARVRDRRPPHIGVAVCAETPERTQEYRNRLTALLRALGYKRHDAVLVGGCVVVTGEY,seed20.csv,seed20.csv_1QYS-Chain_A-TOP7-round_5345
-0.96008,0.1195652173913043,-92.14380434782608,1QYS-Chain_A-TOP7-round_5463,GVKIRLWMENCDERVEEYWEIDGDAAWDEKQAAMAARVRDRRPPHIGVAVCAETPERTQEYRNRLTALLRALGYKRHDAVLVGTTVVVTGEY,seed20.csv,seed20.csv_1QYS-Chain_A-TOP7-round_5463
-0.9552,0.1195652173913043,-93.27989130434784,1QYS-Chain_A-TOP7-round_5500,GVKIRLWMENCDERVEEYWEIDGDAAWDEKQAAMAARVRDRRPPHIGVAVCAETPERTQEYRNRLLALLRALGYKRHDAVLVGTTVVVTGEY,seed20.csv,seed20.csv_1QYS-Chain_A-TOP7-round_5500
-0.96085,0.1195652173913043,-91.9691304347826,1QYS-Chain_A-TOP7-round_5510,GVKIRLWMENCDERVEEYWEVDGDAAWDEKQAAMAARVRDRRPPHIGVAVCAETPERTQEYRNRLLALLRALGYKRHDAVLVGGCVVVTGEY,seed20.csv,seed20.csv_1QYS-Chain_A-TOP7-round_5510
-0.95988,0.1413043478260869,-92.03434782608696,1QYS-Chain_A-TOP7-round_5486,GVKIRLWMENCDERVEEYWEVDGDAAWDEKQAAMAARVRDRRPPHIGVAVCAETPERAERYRNRLTALLRALGYKRHDAVLVGGCVVVTGEY,seed20.csv,seed20.csv_1QYS-Chain_A-TOP7-round_5486
-0.96786,0.1630434782608695,-92.35043478260872,1QYS-Chain_A-TOP7-round_5647,GVKIRLWMENCDERVEEYWEVETDAAWDEKQAAMAARVRDRRPPHIGVAVCAETPERAEEYRNRLTALFRALGYKRHDAVLVGGCVVVTGEY,seed20.csv,seed20.csv_1QYS-Chain_A-TOP7-round_5647
-0.96361,0.1630434782608695,-93.0317391304348,1QYS-Chain_A-TOP7-round_5669,GVKIRLWMENCDERVEEYWEVETDAAWDEKQAAMAARVRDRRPPHITIAVCAETPERAEEYRNRLTALLRALGYKRHDAVLVGGCVVVTGEY,seed20.csv,seed20.csv_1QYS-Chain_A-TOP7-round_5669
-0.96877,0.1630434782608695,-92.67869565217391,1QYS-Chain_A-TOP7-round_5671,GVKIRLWMENCDERVEEYWEVETDAAWDEKQAAMAARVRDRRPPHIGVAVCAETPERAEEYRNRLTALLRALGYKRISAVLVGGCVVVTGEY,seed20.csv,seed20.csv_1QYS-Chain_A-TOP7-round_5671
-0.95473,0.0652173913043478,-95.04923913043476,1QYS-Chain_A-TOP7-round_9583,GVRITLTLQSGDRTVVRESQVESDEAFEEENARNRQLVAQLAPPVVITAVEGPDEATVLEYLELLRAEHTALGYRELEEELWSTRGILTART,seed21.csv,seed21.csv_1QYS-Chain_A-TOP7-round_9583
-0.95411,0.0652173913043478,-93.5163043478261,1QYS-Chain_A-TOP7-round_9381,GVRITLTLQSGDRTVVLESQVDSDEAFEEENARNRQLVAQLAPPVVITAVEGPDEATVLEYLELLRAEHTALGYRELEEELWSTRGILTART,seed21.csv,seed21.csv_1QYS-Chain_A-TOP7-round_9381
-0.9557,0.0652173913043478,-94.23760869565218,1QYS-Chain_A-TOP7-round_8847,GVRITLTLQSGDRTVVRESEVDSDEAFEEENAANRQLVAQLAPPVVTVAVEGPDEATVLEYLELLRDEHTALGHDDLEERLESTRGILTART,seed21.csv,seed21.csv_1QYS-Chain_A-TOP7-round_8847
-0.9569,0.0652173913043478,-93.9067391304348,1QYS-Chain_A-TOP7-round_8981,GVRITLTLQSGDRTVVRESQVDSDEAFEEENARNRQLVAQLAPPEVITAVEGPDEATVLEYLELLRAEHTALGHRELEEELWSTTGRLTART,seed21.csv,seed21.csv_1QYS-Chain_A-TOP7-round_8981
-0.95462,0.0652173913043478,-94.00054347826088,1QYS-Chain_A-TOP7-round_9064,GVRITLTLQSGDRTVVRESQVDSDEAFEEENARNRQLVAQLAPPEVITAVEGPDEATVLEYLELLRAEHTALGHRELEEELEGTRGILTART,seed21.csv,seed21.csv_1QYS-Chain_A-TOP7-round_9064
-0.95522,0.0652173913043478,-94.165,1QYS-Chain_A-TOP7-round_9079,GVRITLTLQSGDRTVVRESQVDSDEAFEEENARNRQLVAQLAPPEVITAVEGPDEATVLEYLELLRAEHTALGHRELEEELRGTRGILTART,seed21.csv,seed21.csv_1QYS-Chain_A-TOP7-round_9079
-0.95533,0.0652173913043478,-94.01793478260868,1QYS-Chain_A-TOP7-round_8730,GVRITLTLQSGDRTVVRESEVDSDEAFEEENARNRQLVAQLAPPVVTVAVEGPDEATVLEYLELLRREHTALGHDDLEERLESTRGILTART,seed21.csv,seed21.csv_1QYS-Chain_A-TOP7-round_8730
-0.95433,0.0652173913043478,-93.9138043478261,1QYS-Chain_A-TOP7-round_9104,GVRITLTLQSGDRTVVRESQVDSDEAFEEENARNRQLVAQLAPPEVITAVEGPDEATVLEYLELLRAEHTALGHRELEEELWSTRGVVTART,seed21.csv,seed21.csv_1QYS-Chain_A-TOP7-round_9104
-0.9539,0.0652173913043478,-93.9201086956522,1QYS-Chain_A-TOP7-round_9123,GVRITLTLQSGDRTVVRESQVDSDEAFEEENARNRQLVAQLAPPEVTTAVEGPDEATVLEYLELLRAEHTALGHRELEEELRGTRGILTART,seed21.csv,seed21.csv_1QYS-Chain_A-TOP7-round_9123
-0.95552,0.0652173913043478,-94.4542391304348,1QYS-Chain_A-TOP7-round_8514,GVRITLTLQSGDRTVVRESEVDSDEAFEEENARNRQLVAQLAPPVVTVAVEGPDEATVLEYLELLRDEHTALGHDDLEERLESTRGILTART,seed21.csv,seed21.csv_1QYS-Chain_A-TOP7-round_8514
-0.9568,0.0978260869565217,-92.20945652173914,1QYS-Chain_A-TOP7-round_6609,PLVLRAVYRGGDLELVEELVISGREELDAAREATAARLRALAPPVATLTLLIASPEQAAELRTMWLRLFECLGYTEVTAELQGTAVSFTATR,seed22.csv,seed22.csv_1QYS-Chain_A-TOP7-round_6609
-0.95904,0.0978260869565217,-92.0938043478261,1QYS-Chain_A-TOP7-round_7297,PLRLRFVYRGGDLELVEELVISGREELARAAAATAERLRALAPPVATLTLRAESPEQAAEYREMWLRLFECLGYTEVTAELQMNEVSFTATR,seed22.csv,seed22.csv_1QYS-Chain_A-TOP7-round_7297
-0.95611,0.0978260869565217,-92.31130434782608,1QYS-Chain_A-TOP7-round_9912,PLRLRLVARRGDLELVEELVISDAEALARAAAATAERLRALAPPVATLTLLIDTPEQAREYQEMWLALFECLGYTEVTAELQGNAVSFTARR,seed22.csv,seed22.csv_1QYS-Chain_A-TOP7-round_9912
-0.95497,0.0978260869565217,-93.0875,1QYS-Chain_A-TOP7-round_6966,PLRLRFVYRGGDLELVEELVVASREELARAAAATAERLRALAPPVATLTALIASPEQAAELRTMWLRLFECLGYTEVTAELQMTAVSFTATR,seed22.csv,seed22.csv_1QYS-Chain_A-TOP7-round_6966
-0.95488,0.0978260869565217,-91.9375,1QYS-Chain_A-TOP7-round_6858,PLRLRFVYRGGDLELVEELVISGREELARAAAALAERLRALAPPVATLTAEIASPEQAAELRTMWLRLFECLGYTEVTAELQMTAVSFTATR,seed22.csv,seed22.csv_1QYS-Chain_A-TOP7-round_6858
-0.9556,0.108695652173913,-92.03771739130434,1QYS-Chain_A-TOP7-round_7064,PLRLRFVYRGGDLELVEELVISGREELARAAAALAERLRALAPPVATLTAEIASPEQAAELRTMWLRLFECLGYTEVTAELRGNAVSFTATR,seed22.csv,seed22.csv_1QYS-Chain_A-TOP7-round_7064
-0.97024,0.108695652173913,-92.35,1QYS-Chain_A-TOP7-round_9885,PLRLRFVYRRGDLELVEELVISDAEALARAAAATAERLRALAPPVATLTVEAASPEQAREYQEMWLALFECLGYTEVTADLDGNAVSFTATR,seed22.csv,seed22.csv_1QYS-Chain_A-TOP7-round_9885
-0.96372,0.108695652173913,-93.18152173913045,1QYS-Chain_A-TOP7-round_9824,PLRLRFVYRRGDLELVEELVISDAEALARAAAATAERLRALAPPVATLTLLAETPEQAREYQEMWLALFECLGYTEVTAELQGNAVSFTATR,seed22.csv,seed22.csv_1QYS-Chain_A-TOP7-round_9824
-0.96138,0.108695652173913,-92.56206521739132,1QYS-Chain_A-TOP7-round_9780,PLRLRFVYRRGDLELVEELVISDAEALARAAAATAERLRALAPPVATLTLLAATPEQAREYQEMWLRLFECLGYTEVTAELQGNAVSFTATR,seed22.csv,seed22.csv_1QYS-Chain_A-TOP7-round_9780
-0.96843,0.108695652173913,-92.01641304347824,1QYS-Chain_A-TOP7-round_9747,PLRLRFVYRRGDLELVEELVISDAEALARAAAATAERLRALAPPVATLTVEADTPEQAREYQEMWLALFRCLGYTEVTAELQGNAVSFTATR,seed22.csv,seed22.csv_1QYS-Chain_A-TOP7-round_9747
-0.96173,0.0760869565217391,-92.03597826086956,1QYS-Chain_A-TOP7-round_8224,LVELLVTLEKKDEKLVLRREVRSLGSWEHALAAISELVRRLNPPCVTVQLRWPSPEGLLRGGLRLTAFAMANGYSSLTLLLECESLSLTVTR,seed23.csv,seed23.csv_1QYS-Chain_A-TOP7-round_8224
-0.96038,0.0760869565217391,-92.03739130434784,1QYS-Chain_A-TOP7-round_8673,LVELTVTLEKKDEKLVLRREVRSLGSWERELAAISELVRRLNPPCVTVQLRWPSPEGLLRGGLRLTAFAMANGYSSLRLLLECESLSLTVTR,seed23.csv,seed23.csv_1QYS-Chain_A-TOP7-round_8673
-0.95682,0.0760869565217391,-92.80663043478262,1QYS-Chain_A-TOP7-round_8844,LVELTVTLEKKDEVLVLRLSVRSLGSWEHALAAISELVRRLNPPCVTVQLRWPSREGLLRGGLRLTAFAMANGYSSLRLLLECESLSLTVTR,seed23.csv,seed23.csv_1QYS-Chain_A-TOP7-round_8844
-0.95585,0.0869565217391304,-92.00217391304346,1QYS-Chain_A-TOP7-round_8106,LVELTVTLEKDGEKLVLRREVRSLGSWEHALAAISELVRRLNPPCVTVQLRWPSPEGLLRGGLRLTAFAMANGYSSLTLLLECESLSLTVTR,seed23.csv,seed23.csv_1QYS-Chain_A-TOP7-round_8106
-0.9611,0.0869565217391304,-92.23706521739132,1QYS-Chain_A-TOP7-round_8417,LVELTVTLEKKDEKLVLRREVRSEEAWEHALAAISELVRRLNPPCVTVQLRWPSPEGLLRGGLRLTAFARANGYSSLTLLLECESLSLTVTR,seed23.csv,seed23.csv_1QYS-Chain_A-TOP7-round_8417
-0.95714,0.0869565217391304,-91.96315217391307,1QYS-Chain_A-TOP7-round_8505,LVELTVTLEKKDEKLVLRREVADEGSWEHALAAISELVRRLNPPCVTVQLRWPSPEGLLRGGLRLTAFAMANGYSSLTLLLECESLSLTVTR,seed23.csv,seed23.csv_1QYS-Chain_A-TOP7-round_8505
-0.96082,0.0869565217391304,-92.35739130434784,1QYS-Chain_A-TOP7-round_8539,LVELTVTLEKKDEKLVLRREVRSEESWEHALAAISELVRRLNPPCVTVQLRWPSPEGLLRGGLRLTAFAMANGYSSLTLLLECESLSLTVTR,seed23.csv,seed23.csv_1QYS-Chain_A-TOP7-round_8539
-0.96371,0.0869565217391304,-92.21510869565218,1QYS-Chain_A-TOP7-round_8822,LVELTVTLEKKDEVLVLRREVRSLGSWEHALAAISELVRRLNPPCVTVQLRWPSREGLLRGGLRLTAFAMANGYSSLRLLLECESLSLTGTR,seed23.csv,seed23.csv_1QYS-Chain_A-TOP7-round_8822
-0.96252,0.0869565217391304,-91.93956521739128,1QYS-Chain_A-TOP7-round_8972,LVELTVTLEKKDEVLVLRREVRSLGSWEHALREISELVRRLNPPCVTVQLRWPSREGLLRGGLRLTAFAMANGYSSLRLLLECESLSLTVTR,seed23.csv,seed23.csv_1QYS-Chain_A-TOP7-round_8972
-0.95757,0.0978260869565217,-91.9425,1QYS-Chain_A-TOP7-round_6604,LVEILVTLEKEDETLVIRRSVSSLEQLEHDFANIEEVVRQRRPPRLTVQLRWPSPCYLQAGGERLTEFAMANSYSSLLLEESGTTISLTGTR,seed23.csv,seed23.csv_1QYS-Chain_A-TOP7-round_6604
-0.95307,0.0869565217391304,-94.54782608695652,1QYS-Chain_A-TOP7-round_4769,RVLLLARFEQGNGALLLVEWLDSREEARRAMWALAERARRLNPEVIELLVVAPSPEVLREWGTWIRELLSSLGYRDLTFEPFLTAGRFTGRR,seed24.csv,seed24.csv_1QYS-Chain_A-TOP7-round_4769
-0.95431,0.0869565217391304,-94.31728260869563,1QYS-Chain_A-TOP7-round_4862,RVLLVARFEQGNGALLLVEWLDSREEARRAMWALAERARRLNPEVIELLVVAPSPEVLREWGTWIRELLSSLGYRDLTFEPFLTAGRFTGRR,seed24.csv,seed24.csv_1QYS-Chain_A-TOP7-round_4862
-0.96354,0.108695652173913,-93.21336956521736,1QYS-Chain_A-TOP7-round_9905,MLTLTLRLERGDHTELLREELDSLEALAEAMDRWEARVRELAPPTATLSLRWASPEAAMRGLELARAFWQRLGYTEQTAELQGTTATLTGRR,seed24.csv,seed24.csv_1QYS-Chain_A-TOP7-round_9905
-0.96266,0.108695652173913,-93.96619565217392,1QYS-Chain_A-TOP7-round_9716,MLTLTLRLERGDHTELLREELDSLEALAEAMDRWEARVRELDPPTATLSLRWASPEAAMRGLELARAFWSRLGYTEQTAELQGTTATLTGRR,seed24.csv,seed24.csv_1QYS-Chain_A-TOP7-round_9716
-0.96103,0.108695652173913,-93.1257608695652,1QYS-Chain_A-TOP7-round_9710,MLTLTLRLERGDETLLLREELDSLEALAEAMDRWEARVRELNPPTATLSLRWASPEAAMRGLELARAFWSRLGYTEQTAELQGTTATLTGRR,seed24.csv,seed24.csv_1QYS-Chain_A-TOP7-round_9710
-0.96378,0.108695652173913,-93.23630434782608,1QYS-Chain_A-TOP7-round_9708,MLTLTLRLERGDHTELLREELDSLEALAEAMDRWEARVRRLNPPTATLSLRWASPEAAMRGLELARAFWSRLGYTEQTAELQGTTATLTGRR,seed24.csv,seed24.csv_1QYS-Chain_A-TOP7-round_9708
-0.96342,0.108695652173913,-94.15380434782612,1QYS-Chain_A-TOP7-round_9847,MLTLTLRLERGDHTELLREELDSLEALAEAMDRWEARVRELAPPLATLSLRWASPEAAMRGLELARAFWSRLGYTEQTAELQGTTATLTGRR,seed24.csv,seed24.csv_1QYS-Chain_A-TOP7-round_9847
-0.96222,0.108695652173913,-93.15858695652172,1QYS-Chain_A-TOP7-round_9684,MLTLELRLERGDHTELLREELDSLEALAEAMDRWEARVRELNPPTATLSLRWASPEAAMRGLELARAFWSRLGYTEQTAELQGTTATLTGRR,seed24.csv,seed24.csv_1QYS-Chain_A-TOP7-round_9684
-0.96319,0.108695652173913,-93.37565217391304,1QYS-Chain_A-TOP7-round_9542,MLTLTLRLERGDHTELLREELDSLEALAEAMDRWEARVRELNPPTATLSLRWASPEAAMRGLELARAFWSRLGYTEQTAELQGTTATLTGRR,seed24.csv,seed24.csv_1QYS-Chain_A-TOP7-round_9542
-0.96245,0.108695652173913,-93.0395652173913,1QYS-Chain_A-TOP7-round_9550,MLTLTLRLERGDHTELLREELDSLEALRAAMDRWEARVRELNPPTATLSLRWASPEAAAAGLELARAFWSRLGYTEQTAELQGTTATLTGRR,seed24.csv,seed24.csv_1QYS-Chain_A-TOP7-round_9550
